"split","audio_id","text","reference_audio_id"
"train","001","今天的天气很好，适合出去散步。","wavs/031.wav"
"train","002","请把窗户打开，让空气流通一下。","wavs/031.wav"
"train","003","我已经把今天的任务完成了。","wavs/031.wav"
"train","004","他正在认真阅读一本专业书籍。","wavs/031.wav"
"train","005","我们下午三点准时开会。","wavs/031.wav"
"train","006","今天的工作比昨天轻松一些。","wavs/031.wav"
"train","007","我准备晚上去操场跑步。","wavs/031.wav"
"train","008","早餐一定要按时吃。","wavs/031.wav"
"train","009","请记得带上学生证。","wavs/031.wav"
"train","011","电脑运行速度越来越快。","wavs/031.wav"
"train","012","今天路上的车有点多。","wavs/031.wav"
"train","013","外面的风比昨天大一些。","wavs/031.wav"
"train","014","图书馆里非常安静。","wavs/031.wav"
"train","015","这杯咖啡味道不错。","wavs/031.wav"
"train","016","今天完成了很多事情。","wavs/031.wav"
"train","017","我准备开始新的实验。","wavs/031.wav"
"train","018","请把文件保存好。","wavs/031.wav"
"train","019","明天可能会下雨。","wavs/031.wav"
"train","021","他正在认真学习。","wavs/031.wav"
"train","022","今天的效率很高。","wavs/031.wav"
"train","023","我喜欢安静的环境。","wavs/031.wav"
"train","024","请注意安全。","wavs/031.wav"
"train","025","会议已经正式开始。","wavs/031.wav"
"train","026","实验结果符合预期。","wavs/031.wav"
"train","027","大家正在讨论新的方案。","wavs/031.wav"
"train","028","今天感觉状态很好。","wavs/031.wav"
"train","029","这份报告已经完成。","wavs/031.wav"
"train","031","如果时间允许，我们下午一起去实验室继续完成模型训练。","wavs/031.wav"
"train","032","今天的数据已经全部整理完成，接下来可以开始模型微调。","wavs/031.wav"
"train","033","为了保证实验结果可靠，每一步操作都需要认真记录。","wavs/031.wav"
"train","034","新模型相比基线模型取得了更加稳定的实验结果。","wavs/031.wav"
"train","035","我们需要进一步分析实验数据，再决定下一步优化方向。","wavs/031.wav"
"train","036","训练过程中需要持续观察损失函数是否正常下降。","wavs/031.wav"
"train","037","高质量的数据通常比复杂的模型结构更加重要。","wavs/031.wav"
"train","038","在正式开始训练之前，请再次检查所有配置文件。","wavs/031.wav"
"train","039","如果发现异常情况，请及时保存日志并重新开始实验。","wavs/031.wav"
"train","041","我们计划明天继续进行模型测试和性能评估。","wavs/031.wav"
"train","042","数据质量往往决定模型最终能够达到的效果。","wavs/031.wav"
"train","043","一个优秀的语音模型不仅需要准确，还需要自然流畅。","wavs/031.wav"
"train","044","任何一个细小的数据错误都有可能影响最终实验结果。","wavs/031.wav"
"train","045","我们最终希望实现更加自然的个性化语音合成。","wavs/031.wav"
"train","046","你今天感觉怎么样？","wavs/031.wav"
"train","047","我们什么时候开始训练？","wavs/031.wav"
"train","048","这份数据已经检查过了吗？","wavs/031.wav"
"train","049","还有其他需要修改的地方吗？","wavs/031.wav"
"train","051","今天为什么这么安静？","wavs/031.wav"
"train","052","实验已经全部结束了吗？","wavs/031.wav"
"train","053","我们明天几点集合？","wavs/031.wav"
"train","054","需要我帮忙吗？","wavs/031.wav"
"train","055","这个结果正常吗？","wavs/031.wav"
"train","056","太好了！","wavs/031.wav"
"train","057","真漂亮！","wavs/031.wav"
"train","058","今天效率真高！","wavs/031.wav"
"train","059","终于成功了！","wavs/031.wav"
"train","061","太令人惊喜了！","wavs/031.wav"
"train","062","真是不容易！","wavs/031.wav"
"train","063","今天过得真快！","wavs/031.wav"
"train","064","太精彩了！","wavs/031.wav"
"train","065","终于完成了！","wavs/031.wav"
"train","066","今天是二零二六年七月十九日。","wavs/031.wav"
"train","067","会议将在下午三点开始。","wavs/031.wav"
"train","068","请等待五分钟。","wavs/031.wav"
"train","069","总共有一百二十七个样本。","wavs/031.wav"
"train","071","我已经跑了三公里。","wavs/031.wav"
"train","072","这个模型训练了二十个小时。","wavs/031.wav"
"train","073","文件大小约为一点五吉字节。","wavs/031.wav"
"train","074","今天需要完成四项任务。","wavs/031.wav"
"train","075","请输入六位验证码。","wavs/031.wav"
"train","076","人工智能正在快速发展。","wavs/031.wav"
"train","077","我们开始训练新的语音模型。","wavs/031.wav"
"train","078","深度学习已经广泛应用于计算机视觉。","wavs/031.wav"
"train","079","大语言模型能够理解复杂文本。","wavs/031.wav"
"train","081","语音合成需要高质量的数据支持。","wavs/031.wav"
"train","082","模型正在加载参数。","wavs/031.wav"
"train","083","GPU开始进行训练。","wavs/031.wav"
"train","084","推理速度明显提高了。","wavs/031.wav"
"train","085","实验结果已经保存。","wavs/031.wav"
"train","086","我们继续优化模型性能。","wavs/031.wav"
"train","087","数据增强能够提高模型泛化能力。","wavs/031.wav"
"train","088","微调后的音色更加自然。","wavs/031.wav"
"train","089","模型已经完成收敛。","wavs/031.wav"
"train","091","银行今天正常营业。","wavs/031.wav"
"train","092","他把门关上了。","wavs/031.wav"
"train","093","这个地方非常重要。","wavs/031.wav"
"train","094","音乐已经开始播放。","wavs/031.wav"
"train","095","她长得很漂亮。","wavs/031.wav"
"train","096","请把重量记录下来。","wavs/031.wav"
"train","097","我们一起研究这个问题。","wavs/031.wav"
"train","098","他正在快乐地成长。","wavs/031.wav"
"train","099","今天的空气质量很好。","wavs/031.wav"
"train","101","麦克总是以各种理由推脱。","wavs/031.wav"
"train","102","张蕊说，外公还特别喜欢逛街，经常到春熙路逛。","wavs/031.wav"
"train","103","这个网吧位于凯里市清平南路一个桥洞之下。","wavs/031.wav"
"train","104","生物柴油公司，收购的就是这种油。","wavs/031.wav"
"train","105","日前，利辛县望疃镇农民在浇灌麦田。","wavs/031.wav"
"train","106","就哄着乐乐，乐乐也安静下来了，并没有出现任何症状。","wavs/031.wav"
"train","107","在他看来，现在首要问题是怎么保存牛黄。","wavs/031.wav"
"train","108","越深的海底生物就越少哦！","wavs/031.wav"
"train","109","但按这个说法，张雨绮立刻从“被甩方”变成了“劈腿方”。","wavs/031.wav"
"train","111","雅典称王的韩国小子柳承敏有望创造历史吗？","wavs/031.wav"
"train","112","到偏桥底村看了后，情况还不是这样。","wavs/031.wav"
"train","113","我是大方温柔的巨蟹座，有时候也会有点敏感和脆弱。","wavs/031.wav"
"train","114","山东省招远市市委书记徐少宁，就是他们的突出代表。","wavs/031.wav"
"train","115","能不能让不同时产的甲鱼卵同时孵化出壳呢？","wavs/031.wav"
"train","116","农民工于占水称，这老农民挣俩钱也真不易呀，这也不给呀。","wavs/031.wav"
"train","117","风险也是浪漫的一部分吗？","wavs/031.wav"
"train","118","其中，大部分随迁子女面临高考难题。","wavs/031.wav"
"train","119","全市继续推进爱国卫生运动，大力开展灭蚊工作。","wavs/031.wav"
"train","121","甘迪勒没有说明这些示威者由哪方收买。","wavs/031.wav"
"train","122","摄影师没有手，就像赛跑者没有脚，令人气馁。","wavs/031.wav"
"train","123","咪咪舔着孩子，把它身上的毛舔干净。","wavs/031.wav"
"train","124","罗天诚低声说深沉是无法伪装的。","wavs/031.wav"
"train","125","法院调查表明，被砍死的医生并未接诊过凶手。","wavs/031.wav"
"train","126","随后男子竟在众目睽睽之下吮吸鸵鸟血液。","wavs/031.wav"
"train","127","同年，普洱冷水林场采伐开工。","wavs/031.wav"
"train","128","林欣彤频频吸金，笑到眼睛都眯起来。","wavs/031.wav"
"train","129","回万岁，包拯不就在这儿吗？八贤王指着不知所措的包拯道。","wavs/031.wav"
"train","131","对于反对派，我一直觉得他们很肮脏。","wavs/031.wav"
"train","132","跑了三十多米自己也熏到了。","wavs/031.wav"
"train","133","他还表示，贝卢斯科尼这个“傀儡必须滚蛋”。","wavs/031.wav"
"train","134","作为小舅子的我去劝架，果然有用！","wavs/031.wav"
"train","135","楼市降价的豁口未现，但暗流已经汹涌。","wavs/031.wav"
"train","136","也会在纽约逛逛，看看衣服。","wavs/031.wav"
"train","137","有时在商圈请个棒棒都难。","wavs/031.wav"
"train","138","他先向我丢过一个飞吻来，如果不把它丢回去，难道您还让我留着它不成？","wavs/031.wav"
"train","139","拨了一上午，头寸还没谱。","wavs/031.wav"
"train","141","一个周六，“张某”邀请武某一起出来玩。","wavs/031.wav"
"train","142","快人快语是李永波的个性。","wavs/031.wav"
"train","143","当然帅啦，在我心中你又帅又酷。","wavs/031.wav"
"train","144","这是俄罗斯历史上伤亡最惨重的潜艇事故。","wavs/031.wav"
"train","145","我当时还脑残的说：怎么是软的？","wavs/031.wav"
"train","146","巨星陨落，举国悲痛。","wavs/031.wav"
"train","147","互联网正润物细无声地影响中国社会。","wavs/031.wav"
"train","148","尽管字体歪歪斜斜，但句句饱含深情。","wavs/031.wav"
"train","149","蔡少芬昨日出席活动，身材明显已回复苗条状态。","wavs/031.wav"
"train","151","基于陈某平日横行霸道，蛮横无理，一直忍气吞声，敢怒不敢言。","wavs/031.wav"
"train","152","唯伤心天公不作美，英雄或许要承受多磨难！","wavs/031.wav"
"train","153","祖国大地何愁不早日披上绿妆呢？","wavs/031.wav"
"train","154","勾机开进村，全面拆除走私旧服装窝棚门店。","wavs/031.wav"
"train","155","我会学小猫叫哦，喵！","wavs/031.wav"
"train","156","还有对体弱儿进行专案管理。","wavs/031.wav"
"train","157","这不符合政策规定，应予查处纠正。","wavs/031.wav"
"train","158","她倒下了，我姑父和我外甥可怎么办呀！","wavs/031.wav"
"train","159","别离开我！我会努力变聪明的！","wavs/031.wav"
"train","161","尽管奶源有限，我国乳业现状却是企业数量较多且参差不齐。","wavs/031.wav"
"train","162","据悉，该银行目前在深圳已经全面停做房贷业务。","wavs/031.wav"
"train","163","观众总会有新宠，不复念旧人。","wavs/031.wav"
"train","164","传闻越来越多，后来连老汉儿自己都怕了。","wavs/031.wav"
"train","165","说明管理部门怕得罪人，不敢碰硬。","wavs/031.wav"
"train","166","在喀什老城区，张春贤来到馕摊儿前、走进居民中。","wavs/031.wav"
"train","167","每一个“火箭官”都顺利地升上去了，冉冉若星光。","wavs/031.wav"
"train","168","还让我赤裸着上身唱歌。","wavs/031.wav"
"train","169","该男子被指密云县政协委员李昕旸。","wavs/031.wav"
"train","171","再过几天子孙们就要回来过年了，我家这个年咋个过哦。","wavs/031.wav"
"train","172","足见孟暖儿的演艺发展潜力有多么宽广。","wavs/031.wav"
"train","173","距今约四千五百年，是巴人发祥地遗址。","wavs/031.wav"
"train","174","现在成了危房，我一大家子人怎么办哟。","wavs/031.wav"
"train","175","叔祝福妞永远幸福快乐。","wavs/031.wav"
"train","176","根据质地我们可以看到分若干个品种。","wavs/031.wav"
"train","177","刚才听课文录音太困了，眯一下，就算是休息。","wavs/031.wav"
"train","178","财政政策应当发挥更为关键性作用。","wavs/031.wav"
"train","179","国务院的深切关怀送到亲人的心坎上。","wavs/031.wav"
"train","181","图为“调查团”船只绕岛航行。","wavs/031.wav"
"train","182","熊成在深圳海滩玩耍。","wavs/031.wav"
"train","183","断不准官吏胥役藉词禁令扰累名间。","wavs/031.wav"
"train","184","当手部明显肮脏时，用肥皂和流水清洗。","wavs/031.wav"
"train","185","为撺掇新郎新娘做游戏，朋友们围挤在床边起哄。","wavs/031.wav"
"train","186","老太太撇头观望，已经注意到银灰色轿车高速驶来。","wavs/031.wav"
"train","187","森本敏在会谈中仅表示“将认真对待决议”。","wavs/031.wav"
"train","188","又何谈抗衡更加凶残的外来入侵者？","wavs/031.wav"
"train","189","显然，“洛阳性奴”案不具备上述两个前提。","wavs/031.wav"
"train","191","历史，靠遵化人的热血和汗水写就。","wavs/031.wav"
"train","192","当然是忙着学习变得更棒喽。","wavs/031.wav"
"train","193","今天外面的天气挺冷的，但一进校园，就感觉暖暖的。","wavs/031.wav"
"train","194","孙辉恨不得要说：老子学富五车，你够资格要我指正吗！","wavs/031.wav"
"train","195","宫小村拐儿乞讨的网文发表后，引起轩然大波。","wavs/031.wav"
"train","196","是抠还是大方，那要分是什么事儿。","wavs/031.wav"
"train","197","这时，韩某和贺某便凑上来，哄骗李某说愿意帮她找回皮包。","wavs/031.wav"
"train","198","经区政府与多方协调，重新上路。","wavs/031.wav"
"train","199","外界熟知的老故事是，哪怕买把扫帚，都得宗庆后批准。","wavs/031.wav"
